{
  "city": {
    "name": "Chennai",
    "country": "IN"
  },
  "list": [
    {
      "dt_txt": "2025-07-22 09:00:00",
      "main": {
        "temp": 301.15,
        "humidity": 80
      },
      "weather": [
        {
          "main": "Rain",
          "description": "light rain"
        }
      ]
    },
    {
      "dt_txt": "2025-07-22 12:00:00",
      "main": {
        "temp": 303.25,
        "humidity": 72
      },
      "weather": [
        {
          "main": "Clouds",
          "description": "scattered clouds"
        }
      ]
    }
  ]
}